hotspot_id,lat,lon,intensity,incidents_count,avg_deceleration,road_type,surface_quality,date_recorded
BRK001,51.58299436247044,-0.12480653646804066,7.7201434777181985,96,5.3554732796256435,Straight,1,2024-11-02 16:36:51.289077
BRK002,51.562401563105475,-0.12297650817039796,6.521411520376807,20,4.8411407660383885,Straight,2,2024-11-03 16:36:51.289077
BRK003,51.599657830285786,-0.09696923654941911,9.498981139646224,93,5.334311156902601,Straight,3,2024-11-04 16:36:51.289077
BRK004,51.5348934251978,-0.09498306109151396,2.6941322387179714,91,3.7136307265500603,Junction,4,2024-11-05 16:36:51.289077
BRK005,51.57819194938751,-0.13356132681655322,2.0026016496909262,27,5.762491500073572,Junction,5,2024-11-06 16:36:51.289077
BRK006,51.52665561980813,-0.13579509085073402,4.2300627840126435,13,4.107044293138,Crossing,6,2024-11-07 16:36:51.289077
BRK007,51.53771583688273,-0.05412458555829061,1.468707012126813,83,6.971381272837372,Junction,7,2024-11-08 16:36:51.289077
BRK008,51.53021251876495,-0.1416539182949004,6.676143344681754,20,2.129911269141878,Straight,8,2024-11-09 16:36:51.289077
BRK009,51.56843651647953,-0.09768379280752201,4.150205330678169,80,2.6776318823619008,Straight,9,2024-11-10 16:36:51.289077
BRK010,51.59915955746921,-0.11523996592116469,4.727817408209818,46,3.2329662655637295,Straight,10,2024-11-11 16:36:51.289077
BRK011,51.597705251403546,-0.11623059323711,8.498979212412538,91,7.405989779714388,Crossing,11,2024-11-12 16:36:51.289077
BRK012,51.546496219713596,-0.07481221584854345,1.084230399823071,43,3.6994036402429815,Straight,12,2024-11-13 16:36:51.289077
BRK013,51.58681069118834,-0.06986779258037876,6.718805720032794,66,4.985185303905252,Straight,13,2024-11-14 16:36:51.289077
BRK014,51.59071538842152,-0.12444109982713653,9.782929896952583,97,2.3730504159628802,Junction,14,2024-11-15 16:36:51.289077
BRK015,51.52206492463735,-0.10735130856919299,4.055224500190435,62,3.198744234001838,Junction,15,2024-11-16 16:36:51.289077
BRK016,51.59339614927802,-0.1264672097098326,3.623059832713591,79,3.2581378959725678,Crossing,16,2024-11-17 16:36:51.289077
BRK017,51.59984897071818,-0.12749577352104188,2.1202064157042964,98,4.454475638191641,Straight,17,2024-11-18 16:36:51.289077
BRK018,51.587602457825064,-0.08042592027407602,4.983063129123478,45,2.0813860834566658,Roundabout,18,2024-11-19 16:36:51.289077
BRK019,51.59513205332864,-0.11304500394356705,1.7128034637986542,93,6.958343464235301,Straight,19,2024-11-20 16:36:51.289077
BRK020,51.598895329910135,-0.12475017235498355,6.948021526749157,42,3.83413122027796,Roundabout,20,2024-11-21 16:36:51.289077
BRK021,51.52129422520352,-0.09929200061488366,9.443392701906136,39,4.034678832342537,Roundabout,21,2024-11-22 16:36:51.289077
BRK022,51.59929942412447,-0.08299783181845455,5.942678202047955,11,4.128358738052371,Straight,22,2024-11-23 16:36:51.289077
BRK023,51.52226795120416,-0.07007379375187223,8.618607060046893,45,3.9253722646933005,Straight,23,2024-11-24 16:36:51.289077
BRK024,51.54631008465977,-0.0511118983115576,4.240958194124545,75,2.4912824081853397,Crossing,24,2024-11-25 16:36:51.289077
BRK025,51.51640796738263,-0.14183408631905509,5.301822875194589,36,5.099232192636612,Junction,25,2024-11-26 16:36:51.289077
BRK026,51.58850504798685,-0.06662774134598363,1.152611109551572,77,5.953621075091925,Straight,26,2024-11-27 16:36:51.289077
BRK027,51.55445355662691,-0.05574912058958214,5.775127633597429,17,4.069472283746243,Junction,27,2024-11-28 16:36:51.289077
BRK028,51.58692241759162,-0.13221468447637033,5.3847016166626185,21,3.1791295518706457,Crossing,28,2024-11-29 16:36:51.289077
BRK029,51.51758839764481,-0.08048830529002321,4.453594441327067,32,6.66162484016654,Roundabout,29,2024-11-30 16:36:51.289077
BRK030,51.55659857671085,-0.052028010928771795,2.420889419089872,18,4.752414260671824,Crossing,30,2024-12-01 16:36:51.289077
BRK031,51.560344279833245,-0.09504323227040076,7.484105260879733,28,2.9171932457942997,Crossing,31,2024-12-02 16:36:51.289077
BRK032,51.59363131317087,-0.058579975855859,1.7414439065525196,77,5.401606487818954,Crossing,32,2024-12-03 16:36:51.289077
BRK033,51.53751065497739,-0.09988235181982459,6.307865441346423,98,3.2232382798888892,Roundabout,33,2024-12-04 16:36:51.289077
BRK034,51.54253530677028,-0.14218924429975502,9.947337716105649,82,3.6521025975541708,Roundabout,34,2024-12-05 16:36:51.289077
BRK035,51.54411498940377,-0.09542979860915442,1.0716154760496333,51,2.0006124055972396,Roundabout,35,2024-12-06 16:36:51.289077
BRK036,51.54110416994428,-0.11831265838107559,7.019359323840185,58,4.449552928184817,Roundabout,36,2024-12-07 16:36:51.289077
BRK037,51.55513126823019,-0.14795889499691142,8.974465710481489,7,3.3365871098298365,Crossing,37,2024-12-08 16:36:51.289077
BRK038,51.52590296316327,-0.06444913089667717,7.191915000311459,51,2.1977978444048523,Roundabout,38,2024-12-09 16:36:51.289077
BRK039,51.51991003548348,-0.065579379843922,9.916419181353683,28,2.807228465880192,Crossing,39,2024-12-10 16:36:51.289077
BRK040,51.55756342224017,-0.1473510779511656,5.162115226057184,66,5.905994138394088,Roundabout,40,2024-12-11 16:36:51.289077
BRK041,51.56120760404676,-0.1483870637038335,7.1743601358632025,15,2.6877044487590926,Roundabout,41,2024-12-12 16:36:51.289077
BRK042,51.5185876447485,-0.13585865153160295,5.025391053459275,82,2.1943005118315217,Crossing,42,2024-12-13 16:36:51.289077
BRK043,51.59743458649491,-0.09077557105122724,3.495692341947158,25,5.286444910166489,Roundabout,43,2024-12-14 16:36:51.289077
BRK044,51.51379165244143,-0.09874025477755968,9.640583997544592,55,4.671138036458021,Straight,44,2024-12-15 16:36:51.289077
BRK045,51.586232669787634,-0.07889862771792293,7.304312420563935,41,2.710338804062715,Crossing,45,2024-12-16 16:36:51.289077
BRK046,51.54222570528918,-0.08017603159679798,3.849712227751599,87,4.199833862195466,Crossing,46,2024-12-17 16:36:51.289077
BRK047,51.59891190405298,-0.05636669537860342,5.29557974145087,58,5.32626974238215,Straight,47,2024-12-18 16:36:51.289077
BRK048,51.56959321249012,-0.14818253787437696,7.10567662367211,83,3.311737865081982,Crossing,48,2024-12-19 16:36:51.289077
BRK049,51.567607554688486,-0.06912196334409418,8.04889358329192,93,7.709185734782862,Roundabout,49,2024-12-20 16:36:51.289077
BRK050,51.56175949529502,-0.09461778105226053,2.501158528507812,28,5.942605172907566,Roundabout,50,2024-12-21 16:36:51.289077
BRK051,51.569820569538415,-0.08319240303935936,3.559803097912692,63,2.1463099410857316,Roundabout,51,2024-12-22 16:36:51.289077
BRK052,51.519315780384055,-0.10271534634882469,3.7582757403180205,35,7.362992137156459,Roundabout,52,2024-12-23 16:36:51.289077
BRK053,51.53396453073719,-0.13705345424645585,2.4536573411148956,85,3.639923166056377,Straight,53,2024-12-24 16:36:51.289077
BRK054,51.575421423216135,-0.14642729013174308,7.272954818852032,99,7.482061977622829,Junction,54,2024-12-25 16:36:51.289077
BRK055,51.56043710867427,-0.056474483043995195,5.868989755054432,34,7.785454613341891,Roundabout,55,2024-12-26 16:36:51.289077
BRK056,51.57225847864164,-0.13421605245792564,1.9372334749787146,97,4.170623899717464,Junction,56,2024-12-27 16:36:51.289077
BRK057,51.59028131153046,-0.10712586883860382,3.475410494592285,13,3.7473872689204963,Crossing,57,2024-12-28 16:36:51.289077
BRK058,51.5532348592375,-0.11538129060519069,8.204531560643018,84,6.4715900031845175,Crossing,58,2024-12-29 16:36:51.289077
BRK059,51.50012602018432,-0.05417955502343855,6.539672530935844,33,2.638823584416295,Straight,59,2024-12-30 16:36:51.289077
BRK060,51.54292126290864,-0.07339217909841698,1.821672119422204,61,3.2605944087245677,Junction,60,2024-12-31 16:36:51.289077
BRK061,51.5513848160957,-0.10652330376831393,9.954005114140125,50,3.620338408495014,Junction,61,2025-01-01 16:36:51.289077
BRK062,51.50926796207171,-0.09076452161763779,8.916469624820632,99,2.857476753603443,Roundabout,62,2025-01-02 16:36:51.289077
BRK063,51.5281801628495,-0.11773167645714887,6.885977635399361,60,7.919719700122208,Roundabout,63,2025-01-03 16:36:51.289077
BRK064,51.54713128896617,-0.14440538427287503,4.374405128413016,22,5.89054141062074,Crossing,64,2025-01-04 16:36:51.289077
BRK065,51.539709961797286,-0.07770191513988882,3.956800006119366,17,6.826971657515114,Straight,65,2025-01-05 16:36:51.289077
BRK066,51.58416375510298,-0.07752663972881013,1.3776245713121198,16,4.987791738537446,Roundabout,66,2025-01-06 16:36:51.289077
BRK067,51.572053563902905,-0.10168459841644158,1.7825415062775014,94,4.017922565518737,Roundabout,67,2025-01-07 16:36:51.289077
BRK068,51.501071696765585,-0.1083529714145255,8.653533387153125,34,6.7951089128397975,Roundabout,68,2025-01-08 16:36:51.289077
BRK069,51.558666800715265,-0.10370203780194175,6.626320861025733,49,6.290818814498499,Straight,69,2025-01-09 16:36:51.289077
BRK070,51.521502503247525,-0.1020630081830566,2.373164523361928,6,3.371827424655442,Crossing,70,2025-01-10 16:36:51.289077
BRK071,51.53994642174235,-0.1421885076556806,2.4101044756195122,49,2.5863049441599886,Junction,71,2025-01-11 16:36:51.289077
BRK072,51.54211901049993,-0.1491425234487554,5.649363395740201,26,3.0204726544242,Roundabout,72,2025-01-12 16:36:51.289077
BRK073,51.56915438404528,-0.13572424005445818,2.789629394788359,68,3.500553954582537,Crossing,73,2025-01-13 16:36:51.289077
BRK074,51.57166900474698,-0.08381766541255511,6.229901954093248,6,7.443652461576509,Straight,74,2025-01-14 16:36:51.289077
BRK075,51.5912836042505,-0.054524372953557325,9.239073043116187,77,2.060132706926064,Crossing,75,2025-01-15 16:36:51.289077
BRK076,51.595704747641385,-0.08636974177173702,5.892492704442933,22,7.638388505719693,Roundabout,76,2025-01-16 16:36:51.289077
BRK077,51.54451265661077,-0.05533265334742985,8.587109155574044,13,3.2671775007253543,Roundabout,77,2025-01-17 16:36:51.289077
BRK078,51.585000156413784,-0.11864956714629031,3.4020021606622546,22,3.151500667448562,Crossing,78,2025-01-18 16:36:51.289077
BRK079,51.5826925146159,-0.10749391488511861,4.555189155277303,69,7.979990092308292,Straight,79,2025-01-19 16:36:51.289077
BRK080,51.5918165282904,-0.13305837170526416,4.424335673925127,82,6.641590630448954,Roundabout,80,2025-01-20 16:36:51.289077
BRK081,51.562615746808376,-0.07437598821162014,8.06780254214072,77,5.058261875157319,Crossing,81,2025-01-21 16:36:51.289077
BRK082,51.55523931051815,-0.11137524762373083,8.51440798220224,51,7.5680886511244445,Junction,82,2025-01-22 16:36:51.289077
BRK083,51.57353256890179,-0.14419131686503073,7.109998591013465,75,3.2664697357409382,Crossing,83,2025-01-23 16:36:51.289077
BRK084,51.506218833244766,-0.07719125144132928,6.164363524810289,16,5.718607137874207,Junction,84,2025-01-24 16:36:51.289077
BRK085,51.53709303722799,-0.11389083169191927,6.386359022753954,35,5.867758107977215,Roundabout,85,2025-01-25 16:36:51.289077
BRK086,51.550283575381115,-0.06998785530165429,8.471598519791323,45,6.650198587152498,Straight,86,2025-01-26 16:36:51.289077
BRK087,51.527451301279115,-0.05133390338768054,3.464789868339229,47,7.059097120784009,Straight,87,2025-01-27 16:36:51.289077
BRK088,51.52824630476614,-0.09636366303320706,9.229814461510689,55,4.047721826249835,Roundabout,88,2025-01-28 16:36:51.289077
BRK089,51.5458883949196,-0.11890205569850489,6.941326856488321,13,4.211506246034118,Junction,89,2025-01-29 16:36:51.289077
BRK090,51.59319046617063,-0.13536714817270207,1.886634725405424,39,5.797002714980038,Crossing,90,2025-01-30 16:36:51.289077
BRK091,51.564887176223436,-0.07772873903055218,2.816937173323175,76,6.477954526494928,Straight,91,2025-01-31 16:36:51.289077
BRK092,51.561868417249755,-0.14023231737606046,6.77131975316213,24,2.3340210097926195,Crossing,92,2025-02-01 16:36:51.289077
BRK093,51.51552956913105,-0.07076413447370859,1.9867963028486977,59,3.7924286475655835,Crossing,93,2025-02-02 16:36:51.289077
BRK094,51.57660632496264,-0.0718497517599537,8.94786312310789,28,7.635999787455594,Straight,94,2025-02-03 16:36:51.289077
BRK095,51.50037608986852,-0.12056984103667376,4.128257263568478,21,3.8234180258316743,Straight,95,2025-02-04 16:36:51.289077
BRK096,51.58316428390361,-0.0521560862049755,9.361311479794542,5,2.7679853913830934,Roundabout,96,2025-02-05 16:36:51.289077
BRK097,51.507621365091886,-0.05579197303969302,7.352493534898519,13,6.654294956833795,Roundabout,97,2025-02-06 16:36:51.289077
BRK098,51.59980124496995,-0.13052619223925352,4.661213836719086,83,3.8930928774510356,Straight,98,2025-02-07 16:36:51.289077
BRK099,51.560307573483044,-0.12426747899559211,2.571002961072912,93,6.01408050299448,Junction,99,2025-02-08 16:36:51.289077
BRK100,51.50166896647066,-0.06778990492411616,7.927016645824309,82,3.464279073544568,Crossing,100,2025-02-09 16:36:51.289077
BRK101,51.50689821286196,-0.11277168817171032,6.520707394228843,90,2.111210186107111,Roundabout,101,2025-02-10 16:36:51.289077
BRK102,51.58082077128097,-0.06488055202565884,5.397449326855695,61,5.350757566666383,Crossing,102,2025-02-11 16:36:51.289077
BRK103,51.57583197693272,-0.051249816221624556,5.942204694185363,60,5.654480675964746,Straight,103,2025-02-12 16:36:51.289077
BRK104,51.56914066662932,-0.06917306932264149,3.231366090979278,18,7.863924592293534,Junction,104,2025-02-13 16:36:51.289077
BRK105,51.5182871454853,-0.14693586010834078,6.5120562608975385,60,3.23712318221083,Junction,105,2025-02-14 16:36:51.289077
BRK106,51.53511715000346,-0.14495597336586444,9.540842442730467,72,7.364547127396785,Roundabout,106,2025-02-15 16:36:51.289077
BRK107,51.57463120251653,-0.11818855306755868,2.9791052047942923,93,4.192689634466844,Roundabout,107,2025-02-16 16:36:51.289077
BRK108,51.51642222803768,-0.10439580648779422,7.485024028959655,78,7.34433867658595,Junction,108,2025-02-17 16:36:51.289077
BRK109,51.58720912578715,-0.06581835491846182,3.9904829417989682,14,2.697900358201046,Crossing,109,2025-02-18 16:36:51.289077
BRK110,51.56747524147774,-0.10180871441264404,6.35359100648945,34,7.535992094903381,Crossing,110,2025-02-19 16:36:51.289077
BRK111,51.51418362050642,-0.05135921453886472,3.2291365404667802,23,4.227507767549687,Crossing,111,2025-02-20 16:36:51.289077
BRK112,51.508538908294284,-0.0707745061143919,2.3501836212797556,47,6.047543721914201,Junction,112,2025-02-21 16:36:51.289077
BRK113,51.50159368090716,-0.12451537662888275,2.3239066144849776,25,3.1232351992636973,Junction,113,2025-02-22 16:36:51.289077
BRK114,51.55081532132063,-0.13497780693152128,5.798846755261054,77,6.910819027474757,Roundabout,114,2025-02-23 16:36:51.289077
BRK115,51.5990034195682,-0.12405423072419293,3.693255350336732,95,7.116392903402408,Roundabout,115,2025-02-24 16:36:51.289077
BRK116,51.56671777839955,-0.07773078111798917,3.669295836715471,71,4.895590278787536,Roundabout,116,2025-02-25 16:36:51.289077
BRK117,51.51906114844417,-0.06526679972594322,9.175489843842437,38,3.8798152914158703,Crossing,117,2025-02-26 16:36:51.289077
BRK118,51.52865541182413,-0.051326561407129656,8.238668976417854,29,2.5777600196680597,Crossing,118,2025-02-27 16:36:51.289077
BRK119,51.540810410089826,-0.053515443790659915,7.565766861704368,97,4.63240310632499,Crossing,119,2025-02-28 16:36:51.289077
BRK120,51.57908918249904,-0.10808170161688392,9.455729480810069,49,4.731338744256813,Roundabout,120,2025-03-01 16:36:51.289077
BRK121,51.517883922083264,-0.06960889260823554,2.6960502333963814,90,4.886298432044981,Roundabout,121,2025-03-02 16:36:51.289077
BRK122,51.56440706512331,-0.1370718809795371,8.856250120528752,85,6.077228676480543,Roundabout,122,2025-03-03 16:36:51.289077
BRK123,51.52911964826984,-0.0643912587427304,3.53955709097684,27,7.002027262877961,Crossing,123,2025-03-04 16:36:51.289077
BRK124,51.58738894395558,-0.12835430866526903,5.061195949914407,98,6.461354022383988,Straight,124,2025-03-05 16:36:51.289077
BRK125,51.51622857560803,-0.11026404676436113,8.75272064653563,22,5.934575170795879,Junction,125,2025-03-06 16:36:51.289077
BRK126,51.59294672035506,-0.07838200741827063,7.079013936957187,13,6.350074732375554,Junction,126,2025-03-07 16:36:51.289077
BRK127,51.59046991195075,-0.13535779534653147,5.553611585971406,75,7.753404484586287,Crossing,127,2025-03-08 16:36:51.289077
BRK128,51.501668820483175,-0.10067785340191454,4.286275326829619,89,6.116392645597761,Roundabout,128,2025-03-09 16:36:51.289077
BRK129,51.51809139849028,-0.12460851401519087,5.915301912751645,7,6.690342572864428,Roundabout,129,2025-03-10 16:36:51.289077
BRK130,51.55117936918388,-0.11686278906308031,4.382364565482444,48,5.9704712039977945,Crossing,130,2025-03-11 16:36:51.289077
BRK131,51.57550389815461,-0.08914974285989721,7.004883286852136,20,3.484859592577422,Junction,131,2025-03-12 16:36:51.289077
BRK132,51.599607351231725,-0.1133278723549605,4.824394154553834,93,3.4622291095521334,Roundabout,132,2025-03-13 16:36:51.289077
BRK133,51.512754561690215,-0.05068739273134191,6.522168366620824,30,3.6147490020301176,Straight,133,2025-03-14 16:36:51.289077
BRK134,51.57069761465061,-0.0724467243356541,9.299727515735169,67,6.53035062338974,Crossing,134,2025-03-15 16:36:51.289077
BRK135,51.56190037807025,-0.11870080549529267,9.96617766355223,81,6.860052308644423,Junction,135,2025-03-16 16:36:51.289077
BRK136,51.59566345584858,-0.05057905471720564,4.801206165671681,93,3.596067380730567,Crossing,136,2025-03-17 16:36:51.289077
BRK137,51.58910645487473,-0.1371445325094838,4.575161628803937,12,7.853743910355418,Roundabout,137,2025-03-18 16:36:51.289077
BRK138,51.54816834373917,-0.10093902980147858,8.452415093029582,22,6.5586684742916255,Junction,138,2025-03-19 16:36:51.289077
BRK139,51.58525515985282,-0.13974558166621023,7.561663207208499,26,3.0166933274837584,Crossing,139,2025-03-20 16:36:51.289077
BRK140,51.57869803472607,-0.1002304279220924,9.152435787774708,58,5.7558834376453385,Roundabout,140,2025-03-21 16:36:51.289077
BRK141,51.58047308951511,-0.10510381739431768,2.4045386320500675,73,7.2167136048347835,Crossing,141,2025-03-22 16:36:51.289077
BRK142,51.577236609875754,-0.14851900541254356,5.209993165765917,83,5.144745347582085,Roundabout,142,2025-03-23 16:36:51.289077
BRK143,51.53986294803931,-0.05735186453815033,8.155361822427174,85,7.451911743545024,Crossing,143,2025-03-24 16:36:51.289077
BRK144,51.55585430667166,-0.056437506221646186,4.273002974386701,65,7.484715443808586,Crossing,144,2025-03-25 16:36:51.289077
BRK145,51.51491339175513,-0.1042679170921374,3.3854532819205554,76,3.8331464353899665,Roundabout,145,2025-03-26 16:36:51.289077
BRK146,51.565514963837174,-0.05245207268619705,1.7397471233187698,65,2.429035977794965,Junction,146,2025-03-27 16:36:51.289077
BRK147,51.552442260116656,-0.12150849286470973,8.486623460755721,75,2.9372852914946224,Junction,147,2025-03-28 16:36:51.289077
BRK148,51.547219734904544,-0.08959560698524761,2.754701088868954,21,6.021738138773969,Crossing,148,2025-03-29 16:36:51.289077
BRK149,51.573580097305,-0.054864916417765947,9.17150938866551,7,6.19126760148845,Straight,149,2025-03-30 16:36:51.289077
BRK150,51.58604532309977,-0.1152921524079351,1.4828381257275693,33,5.451962554460437,Straight,150,2025-03-31 16:36:51.289077
BRK151,51.55577132928373,-0.1247947120811113,1.3702973398829683,69,2.0854543137975377,Straight,151,2025-04-01 16:36:51.289077
BRK152,51.5844631777949,-0.12439904372697692,9.582851296217093,51,3.1255177454374143,Junction,152,2025-04-02 16:36:51.289077
BRK153,51.553234568074934,-0.0887355544461901,7.229956905122245,59,4.590434680871487,Junction,153,2025-04-03 16:36:51.289077
BRK154,51.51126585642043,-0.13939010298572155,3.093318293882967,38,5.826244973026177,Straight,154,2025-04-04 16:36:51.289077
BRK155,51.50063638779763,-0.09502381586374453,5.101740130281961,13,6.17237855698208,Junction,155,2025-04-05 16:36:51.289077
BRK156,51.516026726680245,-0.08904275209219928,5.5996077165583085,16,3.041091625201144,Crossing,156,2025-04-06 16:36:51.289077
BRK157,51.59285720685393,-0.1456971247766543,7.811048000845401,20,5.218347822469951,Junction,157,2025-04-07 16:36:51.289077
BRK158,51.559299979184466,-0.12565206508820248,7.0778296719295914,35,5.991771195093219,Roundabout,158,2025-04-08 16:36:51.289077
BRK159,51.52892050747756,-0.06660007226140156,1.6351546488597184,15,6.553884107763015,Straight,159,2025-04-09 16:36:51.289077
BRK160,51.51079167457381,-0.08146557817515977,5.3678272838909,9,5.330891265514121,Crossing,160,2025-04-10 16:36:51.289077
BRK161,51.56195569809756,-0.11767280928645876,4.559814990648931,93,2.3481671702113376,Crossing,161,2025-04-11 16:36:51.289077
BRK162,51.58902234595437,-0.07785369427544336,8.291782825843555,70,3.634633363760097,Straight,162,2025-04-12 16:36:51.289077
BRK163,51.5935842224701,-0.12388682990600998,9.65343237629568,45,4.542443811291096,Crossing,163,2025-04-13 16:36:51.289077
BRK164,51.506624644931826,-0.07075358614149012,7.36835551185709,97,2.310010173339305,Roundabout,164,2025-04-14 16:36:51.289077
BRK165,51.54452129359546,-0.0859532276096888,3.3073111889121733,13,2.8437418388276874,Crossing,165,2025-04-15 16:36:51.289077
BRK166,51.51277702163075,-0.10693715893011195,3.09667389782184,57,6.4999868967591,Crossing,166,2025-04-16 16:36:51.289077
BRK167,51.50888920051165,-0.12600131545311347,3.2924571004581518,30,7.032629642236598,Straight,167,2025-04-17 16:36:51.289077
BRK168,51.59908555475131,-0.06408036717877251,1.662177542855182,61,2.3690019942205294,Roundabout,168,2025-04-18 16:36:51.289077
BRK169,51.521232793254605,-0.10416052852900633,5.574215429928509,82,2.838971440191149,Straight,169,2025-04-19 16:36:51.289077
BRK170,51.50274071255986,-0.1239102746197942,3.0751281715021914,38,6.605577642488105,Straight,170,2025-04-20 16:36:51.289077
BRK171,51.56669043836443,-0.10717616752817652,5.538465522232305,99,4.64265889475981,Junction,171,2025-04-21 16:36:51.289077
BRK172,51.572182187104005,-0.1331103649991156,5.440466931649854,80,5.803629931894718,Junction,172,2025-04-22 16:36:51.289077
BRK173,51.54227991087254,-0.13410249589663084,4.795046808588799,79,2.107797593790503,Crossing,173,2025-04-23 16:36:51.289077
BRK174,51.59906599432129,-0.09132867305153174,9.805229960345919,42,2.332189507686678,Straight,174,2025-04-24 16:36:51.289077
BRK175,51.56412769409403,-0.08319773383095357,1.7468334943120731,79,7.505108295619814,Straight,175,2025-04-25 16:36:51.289077
BRK176,51.57556255073212,-0.12778035703821577,7.409647378523899,19,2.549937695491162,Roundabout,176,2025-04-26 16:36:51.289077
BRK177,51.53842608127924,-0.14814789509281304,5.051389044792465,84,7.505806353953132,Crossing,177,2025-04-27 16:36:51.289077
BRK178,51.58424099984267,-0.09869938301823832,9.838404111834775,81,7.9932650936814476,Crossing,178,2025-04-28 16:36:51.289077
BRK179,51.58884327347153,-0.05772187705507793,7.482387329741083,85,5.695697170196538,Straight,179,2025-04-29 16:36:51.289077
BRK180,51.5736085319986,-0.12226437444888028,6.859625523250285,40,7.408939489685755,Junction,180,2025-04-30 16:36:51.289077
BRK181,51.57195091950228,-0.12201942690443371,7.616567457505189,16,3.314988796594739,Roundabout,181,2025-05-01 16:36:51.289077
BRK182,51.573156131941346,-0.12480305842426949,1.7053490711600725,26,4.6664171865423505,Crossing,182,2025-05-02 16:36:51.289077
BRK183,51.51850026356618,-0.10274635371693365,2.808031821158754,81,6.359663432014346,Junction,183,2025-05-03 16:36:51.289077
BRK184,51.560572384517194,-0.09964176266814231,8.89681824570644,35,5.626648269126947,Crossing,184,2025-05-04 16:36:51.289077
BRK185,51.56566645078908,-0.07824839061532549,6.043566842152284,86,3.911159115567454,Roundabout,185,2025-05-05 16:36:51.289077
BRK186,51.529940305124576,-0.09867445705056613,5.463396624975053,85,6.661350506352142,Straight,186,2025-05-06 16:36:51.289077
BRK187,51.5636984282394,-0.11624971297948185,6.1236630638932015,86,6.627266881599676,Crossing,187,2025-05-07 16:36:51.289077
BRK188,51.50591049900283,-0.12563058773749122,8.440189202942209,75,4.433554784931666,Junction,188,2025-05-08 16:36:51.289077
BRK189,51.57086425551579,-0.12855768886134308,2.710983268137716,86,7.949629640126597,Roundabout,189,2025-05-09 16:36:51.289077
BRK190,51.50174679033308,-0.13508699258888904,3.135843454878055,34,5.420581666598565,Roundabout,190,2025-05-10 16:36:51.289077
BRK191,51.594255381628734,-0.07646342866921545,3.1389927966252396,34,4.540011726999099,Straight,191,2025-05-11 16:36:51.289077
BRK192,51.59657723544844,-0.0927072036488096,9.75039695624675,91,5.101407432585224,Crossing,192,2025-05-12 16:36:51.289077
BRK193,51.53487913745061,-0.09954752643551786,7.334416232533553,64,6.8392761486092155,Crossing,193,2025-05-13 16:36:51.289077
BRK194,51.5291475524703,-0.14256002191275782,3.509448645994804,98,4.583967439508453,Straight,194,2025-05-14 16:36:51.289077
BRK195,51.509513098817216,-0.07160360694938425,6.329368896623798,34,2.3972646572531175,Straight,195,2025-05-15 16:36:51.289077
BRK196,51.51426137151196,-0.07701152830261435,1.2213361814116168,17,2.1498708361747054,Straight,196,2025-05-16 16:36:51.289077
BRK197,51.57347720559727,-0.13944744722907274,6.636913582476757,73,4.9477462929575635,Junction,197,2025-05-17 16:36:51.289077
BRK198,51.535272031411594,-0.14700058393346244,4.705399850201664,9,2.0976791372275243,Crossing,198,2025-05-18 16:36:51.289077
BRK199,51.59512903700127,-0.12748393797832525,3.5057118912368637,95,4.9454332139696895,Straight,199,2025-05-19 16:36:51.289077
BRK200,51.55299580539374,-0.09351055250968551,7.935572058944132,71,7.472151736503849,Roundabout,200,2025-05-20 16:36:51.289077
BRK201,51.543670982176316,-0.10238087282596636,6.305240818162468,23,7.673295324732041,Straight,201,2025-05-21 16:36:51.289077
BRK202,51.54338216764864,-0.1400476360814478,3.3514340933023963,32,2.404621667068059,Crossing,202,2025-05-22 16:36:51.289077
BRK203,51.523150662697354,-0.07360639956490808,5.4856828119133185,48,3.542957627221227,Roundabout,203,2025-05-23 16:36:51.289077
BRK204,51.534748804030016,-0.08034828480313613,5.693493450016592,53,5.09185982045116,Roundabout,204,2025-05-24 16:36:51.289077
BRK205,51.529403793671115,-0.0988800948896836,1.377755584091561,72,2.1610957472232095,Straight,205,2025-05-25 16:36:51.289077
BRK206,51.5658831752491,-0.14007552962508463,4.877929888328844,75,4.561002945293381,Crossing,206,2025-05-26 16:36:51.289077
BRK207,51.54213649785996,-0.05653796674482795,3.3324375547520835,14,6.239509497021423,Junction,207,2025-05-27 16:36:51.289077
BRK208,51.516228109043574,-0.054484492501193686,9.808831643944199,25,2.178633116278519,Junction,208,2025-05-28 16:36:51.289077
BRK209,51.51881954546972,-0.06284314586148536,3.479120182365776,99,5.435412144123571,Junction,209,2025-05-29 16:36:51.289077
BRK210,51.56741764474113,-0.09562322101926038,6.779748028999505,31,3.842507734948267,Roundabout,210,2025-05-30 16:36:51.289077
BRK211,51.594608573562525,-0.14588594108433914,9.935091880442178,84,4.85133421866177,Straight,211,2025-05-31 16:36:51.289077
BRK212,51.54498600623301,-0.1417959820188151,6.743037462066709,78,7.923285955142014,Straight,212,2025-06-01 16:36:51.289077
BRK213,51.500265465840705,-0.14920088064338027,2.566597437387346,46,2.521950048457361,Junction,213,2025-06-02 16:36:51.289077
BRK214,51.562611770360725,-0.09439157945644384,9.923989445794518,21,7.152357468660071,Crossing,214,2025-06-03 16:36:51.289077
BRK215,51.59335090349683,-0.06725490617219906,4.023532639810851,86,3.200636022019835,Crossing,215,2025-06-04 16:36:51.289077
BRK216,51.510839755056324,-0.14766768717422943,9.014491786024942,34,2.83422104919625,Crossing,216,2025-06-05 16:36:51.289077
BRK217,51.55483171871646,-0.08948780398270881,5.926341655833369,63,5.06629305570081,Junction,217,2025-06-06 16:36:51.289077
BRK218,51.52012102989397,-0.0914324549670132,1.7588654920306497,43,2.988897840793448,Roundabout,218,2025-06-07 16:36:51.289077
BRK219,51.564126385013836,-0.14407814162059562,5.45668728896531,37,5.083064463410132,Junction,219,2025-06-08 16:36:51.289077
BRK220,51.505717771191875,-0.1299723508097337,6.030318023651574,83,3.8224143104610855,Straight,220,2025-06-09 16:36:51.289077
BRK221,51.52382531803577,-0.13459735581224327,1.2818458344430637,73,3.2316989060652324,Roundabout,221,2025-06-10 16:36:51.289077
BRK222,51.57848638418944,-0.09548576614644208,7.078839877982675,31,7.969882043854799,Roundabout,222,2025-06-11 16:36:51.289077
BRK223,51.58087687420393,-0.1483447567153103,2.403136973487581,57,7.76933072652522,Straight,223,2025-06-12 16:36:51.289077
BRK224,51.541852048345824,-0.08689699492471752,7.829454240621985,64,4.123815241553297,Straight,224,2025-06-13 16:36:51.289077
BRK225,51.52837742132,-0.10400079194963383,9.688113199912646,94,5.454226448634099,Roundabout,225,2025-06-14 16:36:51.289077
BRK226,51.52659851260335,-0.07847028043126258,3.286585319725391,22,6.934044739695873,Roundabout,226,2025-06-15 16:36:51.289077
BRK227,51.58956825926524,-0.09771077009811699,2.9655907772523267,85,5.746849479710075,Roundabout,227,2025-06-16 16:36:51.289077
BRK228,51.51109020606333,-0.06229785481675354,3.4436464976462036,29,7.44894101288186,Straight,228,2025-06-17 16:36:51.289077
BRK229,51.59801228840875,-0.09192150859807764,5.155349232127028,33,4.954392682868562,Crossing,229,2025-06-18 16:36:51.289077
BRK230,51.50125437980385,-0.0897227301725892,9.009024073445506,63,4.644787148969479,Straight,230,2025-06-19 16:36:51.289077
BRK231,51.52526240152593,-0.07198993367064069,6.656366617856075,6,4.4664638883894465,Roundabout,231,2025-06-20 16:36:51.289077
BRK232,51.56389685305883,-0.08718890367348266,3.8593958084663424,90,3.5974622484922065,Roundabout,232,2025-06-21 16:36:51.289077
BRK233,51.54171204575577,-0.11076980432780544,2.9049203984520817,56,4.382197509143727,Straight,233,2025-06-22 16:36:51.289077
BRK234,51.50466752081034,-0.1029232480487024,7.170488656134091,15,7.747744686449967,Roundabout,234,2025-06-23 16:36:51.289077
BRK235,51.536201950653705,-0.13166094842796033,8.701169274581506,36,4.528339491448215,Junction,235,2025-06-24 16:36:51.289077
BRK236,51.52440212568273,-0.09993600746968306,3.2148115461247726,76,2.152682110631594,Roundabout,236,2025-06-25 16:36:51.289077
BRK237,51.56730499358043,-0.10338942053858988,8.827054388939,13,2.4564893734241435,Crossing,237,2025-06-26 16:36:51.289077
BRK238,51.51094806895798,-0.1222119024875961,6.486402591577359,57,4.631932127664292,Roundabout,238,2025-06-27 16:36:51.289077
BRK239,51.5450155749839,-0.06220447518693532,7.8102761372248946,43,3.4071345721246944,Roundabout,239,2025-06-28 16:36:51.289077
BRK240,51.58434096916614,-0.09466375745515404,5.740049090324067,80,3.3429468160532485,Roundabout,240,2025-06-29 16:36:51.289077
BRK241,51.53061665637245,-0.08540570163461011,6.034483041272577,53,6.942293458711334,Roundabout,241,2025-06-30 16:36:51.289077
BRK242,51.51466288551326,-0.10396998196525795,9.083835781309624,19,7.960594619118536,Crossing,242,2025-07-01 16:36:51.289077
BRK243,51.53196900634567,-0.13131299240956026,3.033697842878761,55,2.9448227725360203,Straight,243,2025-07-02 16:36:51.289077
BRK244,51.52359520059831,-0.14187133380233063,5.723633888028994,97,4.6764728295442275,Roundabout,244,2025-07-03 16:36:51.289077
BRK245,51.588071850995064,-0.1074674322777966,6.476279902853893,51,6.825002780482718,Straight,245,2025-07-04 16:36:51.289077
BRK246,51.540374739221804,-0.05842080425868614,8.284609221315156,20,3.4654497203094436,Crossing,246,2025-07-05 16:36:51.289077
BRK247,51.55854645357286,-0.10152889193631572,6.340172018564629,21,6.640371063776672,Straight,247,2025-07-06 16:36:51.289077
BRK248,51.53670755220558,-0.06195664578875185,9.505790911938572,90,2.101090364775885,Junction,248,2025-07-07 16:36:51.289077
BRK249,51.53589232537804,-0.09325136810561516,3.8896026812854343,68,7.835482015198057,Roundabout,249,2025-07-08 16:36:51.289077
BRK250,51.51766907918162,-0.06962008798036336,9.776190404235614,97,6.7988074002228585,Roundabout,250,2025-07-09 16:36:51.289077
