date,total_rides,incidents,avg_speed,avg_braking_events,avg_swerving_events,precipitation_mm,temperature
2024-07-09 16:36:51.291018,1506,43,13.87922259522086,33.08809264158879,24.84163856982807,3.1841726551067393,12.22682935838564
2024-07-10 16:36:51.291018,1139,54,19.817934405264207,20.876223842464192,30.42232401754253,8.184442269294962,20.899485801407884
2024-07-11 16:36:51.291018,844,23,22.361658778275828,37.470996608799325,21.660185144341714,4.546349235677661,7.628553825580193
2024-07-12 16:36:51.291018,1174,42,14.877855379307027,26.729113543368467,20.344055195904215,0.4586866949166992,25.855513144062698
2024-07-13 16:36:51.291018,889,43,20.502445922384233,29.435910128504492,28.99798303770846,0.5568466210694172,16.256298849029577
2024-07-14 16:36:51.291018,1295,26,14.567647759104236,24.314428973611566,20.179809001319597,2.359286916502371,6.669541441164688
2024-07-15 16:36:51.291018,1040,43,16.051592824759343,40.350613424880514,26.82537249175633,0.8646106511764721,36.10639145629092
2024-07-16 16:36:51.291018,1111,41,14.509383759516279,37.93942166951083,21.32506525710357,1.6361607628918222,3.930362278665486
2024-07-17 16:36:51.291018,697,30,16.656893836272683,21.25625196622689,24.929699641522323,0.9739759388150235,13.43963997900801
2024-07-18 16:36:51.291018,1100,58,15.78027048048325,28.5920260432702,28.54726218820242,1.7179301342171496,19.886305448626736
2024-07-19 16:36:51.291018,925,41,17.224061286983954,27.521330184997584,29.67258504013124,0.13112837987557593,15.725604022378302
2024-07-20 16:36:51.291018,1112,32,5.148516282522926,32.29552577029895,30.966160309429824,1.8803847578501747,-4.648932322092175
2024-07-21 16:36:51.291018,1267,56,16.04957982415506,20.743561307035847,24.216168826446165,1.3049918924408563,14.200295487272445
2024-07-22 16:36:51.291018,1123,38,20.311703634962587,35.12443193062377,14.910807574587919,6.020066844833291,15.08712356128543
2024-07-23 16:36:51.291018,1053,80,19.54497842334642,27.570519837950613,16.74168190161387,0.39869614235343515,26.701133160757507
2024-07-24 16:36:51.291018,724,35,18.36854939630224,28.60681789997363,26.501711159562632,0.8522026239375008,0.39016974851502617
2024-07-25 16:36:51.291018,750,40,12.099994453468089,27.277437960891916,33.73558394141261,2.820121438908308,12.479337668674752
2024-07-26 16:36:51.291018,1084,37,14.380777550018658,22.914223879861286,22.835676600650693,1.1433269845076128,20.766230585878255
2024-07-27 16:36:51.291018,988,40,19.721725059728616,35.53040809708119,33.08305274511466,1.3256697552424546,7.478259078528928
2024-07-28 16:36:51.291018,978,51,20.30490569202593,30.22951314926963,23.580938197981915,0.06320635473833165,28.44761130752613
2024-07-29 16:36:51.291018,784,37,19.418810373513796,31.452615321437413,21.92507210161276,0.20495448359276322,27.368079017258935
2024-07-30 16:36:51.291018,1016,61,13.961440536232532,46.49613805672671,19.752148485514706,2.195877970205478,10.795769637263177
2024-07-31 16:36:51.291018,956,49,19.421097241877515,23.134390162722262,31.169811275867833,0.9968732336729825,21.448658979492034
2024-08-01 16:36:51.291018,1043,59,19.235869539259994,17.976458803166434,21.75688109217922,6.0290579602116905,20.803389726366266
2024-08-02 16:36:51.291018,545,71,15.823612231785372,25.699333264530345,28.17489142700824,4.226000713513154,13.027568545720298
2024-08-03 16:36:51.291018,830,39,16.332957376405375,28.508322511008426,18.387405650439863,8.079101042530132,27.10195752175195
2024-08-04 16:36:51.291018,833,86,21.06618378832236,48.642913694107406,13.409160905720942,2.4051785993285706,10.6066305919496
2024-08-05 16:36:51.291018,779,29,17.449558220412925,32.42908098425759,26.40350605176804,1.5525096549684871,6.778534063240905
2024-08-06 16:36:51.291018,968,73,17.813238130321725,31.037112944816798,25.83006332831819,0.1626339510066957,22.883323972007904
2024-08-07 16:36:51.291018,1018,32,19.152698202779845,51.03025662091348,25.636780386719195,1.0138678854951553,20.571645099740643
2024-08-08 16:36:51.291018,935,11,17.870130608955776,32.78894175712105,17.7716481723397,2.8101565071931445,20.646394551810197
2024-08-09 16:36:51.291018,845,42,15.259608885458858,41.99366707590119,36.44426013012752,1.7197870292826436,6.48521298531924
2024-08-10 16:36:51.291018,884,56,16.60189158284263,36.20421893672838,13.631820036339537,0.13276496315773556,12.50939251023717
2024-08-11 16:36:51.291018,1004,58,22.244632411134496,31.811731779827603,33.3967001706616,4.646947239290533,5.9998808692220145
2024-08-12 16:36:51.291018,1026,39,21.356825626537532,41.05671647998841,36.31097368012082,0.37409832522474046,15.697206749690304
2024-08-13 16:36:51.291018,800,76,14.20696287001038,20.36816621820884,28.055613096071543,0.29241284254446875,20.010944301803757
2024-08-14 16:36:51.291018,1278,39,12.792299877704759,37.25021637295805,21.49959894624502,0.049119104882494456,1.862718958975977
2024-08-15 16:36:51.291018,1219,43,20.962335621040662,35.529140126570596,28.811295761237847,1.1098278696290151,17.81738062305623
2024-08-16 16:36:51.291018,1247,57,20.072429289040766,40.275572423974616,21.780463192485126,1.4711533689410092,12.063409174958121
2024-08-17 16:36:51.291018,1169,38,18.908692883487838,41.957877949260286,37.4026269857856,1.30914682523228,11.108588398036188
2024-08-18 16:36:51.291018,1061,84,16.953094039582364,37.606674562961715,27.60327253620263,0.5103516946402463,15.49016806748458
2024-08-19 16:36:51.291018,1217,55,17.49917171772807,42.36696248059696,23.671843509355092,1.474345028413631,21.791644539741952
2024-08-20 16:36:51.291018,1105,58,18.203016025438828,29.783745759666044,31.667755835526226,1.371016015334717,8.983925420124063
2024-08-21 16:36:51.291018,939,56,19.994675014549767,31.055213328630472,34.780474237028756,0.9844286128879534,22.058086376008145
2024-08-22 16:36:51.291018,1147,53,15.474373279840421,43.45803731377641,15.972667973316,1.2201372828708907,22.374572473445856
2024-08-23 16:36:51.291018,1023,47,17.040228571292065,37.2272563560136,28.025453672415818,1.660303580579448,25.579690073065805
2024-08-24 16:36:51.291018,1378,48,21.03986497076971,34.723542672255164,29.513863799875555,0.3241387228923342,18.72684849677364
2024-08-25 16:36:51.291018,1117,26,17.454531096701377,39.81595428269689,20.68083576423016,0.1707746393566447,20.502445674088055
2024-08-26 16:36:51.291018,1083,80,18.583727655932847,35.02128503935007,21.222243059953083,0.18227775870377724,27.406622702622073
2024-08-27 16:36:51.291018,1146,54,16.527234697887693,44.235703818008275,33.96994858857008,1.7948761365793227,12.717238786518278
2024-08-28 16:36:51.291018,1221,34,17.262267275018207,29.399368338467827,17.307627386781853,0.26701904995218456,16.890978816245998
2024-08-29 16:36:51.291018,1030,59,18.488069174500623,37.12129637939291,11.37410463859247,2.2341823009389024,1.4033151596315534
2024-08-30 16:36:51.291018,1076,53,13.189894781655012,27.88878076772983,37.66398471743373,0.6558022842203356,33.18244300890735
2024-08-31 16:36:51.291018,987,27,18.108968117513538,18.630009883718987,40.599350834819035,11.288851238128027,14.360063389118835
2024-09-01 16:36:51.291018,1165,43,11.648303630377793,27.789488318311804,30.799912117257545,1.7355512369518222,13.6209513585062
2024-09-02 16:36:51.291018,941,42,14.818885709457199,25.673535254975675,29.67109293625595,0.14166101678304846,14.183839471533858
2024-09-03 16:36:51.291018,1208,61,18.07615173066314,16.091367891309716,32.88075880342205,1.8852984869051745,26.113709167378687
2024-09-04 16:36:51.291018,1104,57,19.920198573245425,29.750145641863075,28.06655177175377,2.221749324939983,0.6854175840212253
2024-09-05 16:36:51.291018,889,53,13.6264793204407,25.67708686960235,33.86243226436338,3.5963195522301437,13.96287702749717
2024-09-06 16:36:51.291018,751,62,18.215193634760254,29.957300828969228,26.132317499335468,5.229767918185769,23.456996834467613
2024-09-07 16:36:51.291018,694,55,15.726634792302807,22.456500832207183,21.18277615045718,0.9432775766816233,13.857918505601237
2024-09-08 16:36:51.291018,1181,36,21.975397832607346,25.58805406292479,22.181233877313677,5.581480001491111,14.254016235138897
2024-09-09 16:36:51.291018,913,53,17.53496266407629,31.676574113654812,17.376499504239376,6.246149137569407,26.592043317659773
2024-09-10 16:36:51.291018,978,42,17.806209521528412,25.038415979592155,27.24641189613299,0.7445361004955174,7.645067494118347
2024-09-11 16:36:51.291018,1118,50,16.11251232763491,31.615462269146782,9.73405459714919,0.01087903845961282,7.8883913172619975
2024-09-12 16:36:51.291018,1256,51,17.263628956496277,31.328728806305858,23.234184249223983,0.3098504831151066,12.420990918439749
2024-09-13 16:36:51.291018,964,51,23.816387637737527,28.579850299714312,26.90140643773532,2.4498840835626012,13.98134919570379
2024-09-14 16:36:51.291018,581,78,18.819948084058332,25.812734295057645,12.571287064307432,0.6203956470292248,16.801657304052547
2024-09-15 16:36:51.291018,1042,57,18.533764999012796,25.712023902698014,22.729463086392503,3.82303990213509,9.60969087999783
2024-09-16 16:36:51.291018,723,65,16.292097610447502,28.367300393219477,20.812242994603324,0.6691248344312113,18.837484365258707
2024-09-17 16:36:51.291018,970,46,22.088856077751426,19.20349212943287,18.342794089368578,2.4117995109235215,-4.865633146217782
2024-09-18 16:36:51.291018,590,26,13.069370594140361,24.050041118845712,27.692319816214663,1.4479158197016946,15.692514419351946
2024-09-19 16:36:51.291018,1444,60,17.64046808879844,29.88267378497986,29.177591934245243,2.8004057684378614,9.772763554053459
2024-09-20 16:36:51.291018,1212,77,18.607952317419645,52.387214731741246,25.50433206459481,0.7935296932248744,7.289566517605722
2024-09-21 16:36:51.291018,1210,60,16.190956739210737,22.164414702314232,14.752054979450486,0.25863851423449963,27.995100915880318
2024-09-22 16:36:51.291018,1123,35,15.671802275468572,33.10717250097713,17.730132977306827,2.699132034473706,18.160037649011954
2024-09-23 16:36:51.291018,823,46,17.569917629126657,26.462107406634374,24.99784432058405,3.914069077526914,19.593304899441
2024-09-24 16:36:51.291018,1169,57,17.21335019565325,33.70520186661948,37.99100963952807,0.1853501866323123,5.0603397477939165
2024-09-25 16:36:51.291018,881,63,18.94847833610664,21.4238432122458,42.13942071693191,0.5433852562555965,4.982700435232623
2024-09-26 16:36:51.291018,970,53,20.295886941165556,19.16652998583831,30.853232185031292,2.0195978474677867,10.735503490650062
2024-09-27 16:36:51.291018,826,59,19.8546664644245,22.24658800033824,21.985103063525756,3.7826208299584954,10.415110564000202
2024-09-28 16:36:51.291018,995,69,14.928668618438389,23.705563743917793,27.38260861586072,3.666368388484745,18.59613010864249
2024-09-29 16:36:51.291018,661,60,12.927239530397658,34.712341407137345,8.384916916308821,0.9501239292457658,9.211335897586949
2024-09-30 16:36:51.291018,793,52,18.802189325910625,27.980504802442283,16.911710899314027,1.4423830434781162,4.737456563995405
2024-10-01 16:36:51.291018,1018,66,21.211156763971243,18.941162000754527,34.780701345691774,2.689008570290176,16.38048344695697
2024-10-02 16:36:51.291018,874,65,17.58780196921379,25.995429744481548,32.32580119039215,2.281111367120722,22.23701273528544
2024-10-03 16:36:51.291018,926,68,22.087004423818804,37.637378495191605,28.020835672979608,0.06587419137103821,33.91290444159553
2024-10-04 16:36:51.291018,817,45,20.447140425023,14.742217694703228,28.258021710028185,0.20682141374598573,22.03288025569664
2024-10-05 16:36:51.291018,941,56,24.129991050456777,40.7077421575552,36.895043095135364,1.3692122622384333,11.915813060734129
2024-10-06 16:36:51.291018,931,48,25.992337262234024,19.685421063111633,29.851326215574176,3.4453985733745305,12.788920094967127
2024-10-07 16:36:51.291018,1064,65,17.810629583915006,36.240666443477096,33.213276200212285,0.0820494619318061,9.717542645649289
2024-10-08 16:36:51.291018,1109,34,13.301459975222867,28.4596664237216,28.895519417203285,0.6611976778390329,14.452611996964428
2024-10-09 16:36:51.291018,901,62,18.63127477128296,34.396849919571444,21.201472858486472,0.8938453883615973,-4.998249775386288
2024-10-10 16:36:51.291018,1013,68,21.938342944940075,27.07172722960435,15.673074034923678,1.5050629380424583,26.066295537915263
2024-10-11 16:36:51.291018,1154,68,15.740909488419724,36.97177306246455,20.701595684842072,0.3333781773656471,17.847229258621958
2024-10-12 16:36:51.291018,1096,57,21.41828740427061,41.797160235085094,18.23912713119308,2.3868448386277414,28.45967593674264
2024-10-13 16:36:51.291018,836,44,21.02697388051712,20.415026046802666,10.788065871411286,3.265879964308661,10.343496291776205
2024-10-14 16:36:51.291018,1206,34,16.60685319908284,25.953501850531314,29.810797269849118,0.17657845294265312,16.629622118584372
2024-10-15 16:36:51.291018,765,16,18.25148086252259,26.24506863895489,12.928039987826391,3.5314040120414245,20.580834961935672
2024-10-16 16:36:51.291018,908,47,17.460388870627543,24.436965847983327,16.997883853626007,1.9984988260394887,16.670482101722477
2024-10-17 16:36:51.291018,1138,40,15.286880544959242,29.75068067550573,28.773900156773422,7.229443699010427,17.881783868144666
2024-10-18 16:36:51.291018,921,31,20.278020001809825,41.011624811184525,41.44922347813278,0.4299645362762275,18.97185646751759
2024-10-19 16:36:51.291018,998,59,21.849502718725056,27.562379473671122,22.54017026394479,7.510732781992968,6.384919209755068
2024-10-20 16:36:51.291018,661,52,18.48254907377375,25.449830198099267,27.57032672995051,3.0701525896540915,11.38485950298963
2024-10-21 16:36:51.291018,822,47,18.988263254202646,50.583995919236045,26.261411630595198,3.110728223276808,17.160822395314923
2024-10-22 16:36:51.291018,1395,69,23.4808987230828,27.11668192711537,19.644631602890215,0.502064211115828,22.05842560090467
2024-10-23 16:36:51.291018,951,59,11.854703548302695,44.99484813223989,10.242606499934954,0.5067736665287044,-1.3683775731001084
2024-10-24 16:36:51.291018,1032,68,15.085425966941752,25.617621585047935,31.386722884877248,0.06866046183862443,2.181979353377674
2024-10-25 16:36:51.291018,853,36,17.383114579753574,19.45105314909025,26.76131234806058,1.2820067739260106,19.584293415649494
2024-10-26 16:36:51.291018,786,72,18.888921766856004,25.06608058852067,31.27325354865742,1.1028436127220094,16.44581953910389
2024-10-27 16:36:51.291018,766,56,18.827951374977964,23.89592754984141,20.960481770810894,2.047278103728609,15.593717894412768
2024-10-28 16:36:51.291018,777,75,18.753361875865842,38.521991511508055,33.16852208277417,1.1852658484123202,5.685008814649111
2024-10-29 16:36:51.291018,483,26,17.08153285915683,20.025043752540967,33.80073162698243,1.3433150281678203,5.37522073803024
2024-10-30 16:36:51.291018,629,52,15.059853128318574,42.08277106863502,31.414625675863554,1.1290870733405631,4.425802549712136
2024-10-31 16:36:51.291018,647,73,17.929517500376186,19.41701266707701,27.838630904339336,2.334570170032331,11.571496913334283
2024-11-01 16:36:51.291018,1033,34,20.330771617241382,22.712157872268655,14.645332616485863,0.17144084100142887,14.038983899519927
2024-11-02 16:36:51.291018,1234,54,18.394071091902493,26.28689382395026,24.619282324696208,0.9196765163479096,5.422608131877627
2024-11-03 16:36:51.291018,865,66,19.419804089247737,28.88802993657687,26.22336017335991,0.03523384031724294,20.465456206760194
2024-11-04 16:36:51.291018,893,41,16.569772315805775,34.96449452151666,17.097477920563794,0.7239540324030636,12.659263510081889
2024-11-05 16:36:51.291018,855,59,16.804907859846526,36.14468904361615,20.42069608646974,0.6488904625313682,-1.164708837549906
2024-11-06 16:36:51.291018,1186,47,16.787728506293615,38.522012292871096,22.831344075937523,0.13502243399856811,34.27590738093246
2024-11-07 16:36:51.291018,1256,38,19.546127610289016,30.715818732350055,24.01672474420568,0.12923125583821027,26.157293700648783
2024-11-08 16:36:51.291018,1400,57,18.956498503349685,33.10412194818828,39.46784616319019,5.662333028809808,6.018025895864556
2024-11-09 16:36:51.291018,969,75,19.755124978035397,31.435469346449022,21.627712465691975,1.749008074170536,12.521414893938214
2024-11-10 16:36:51.291018,926,53,18.31897355034891,28.429644944597534,37.93047618562612,0.1702967087072043,5.099488814725152
2024-11-11 16:36:51.291018,1233,42,18.334395647830902,44.8363962452258,20.82092503594324,0.6334682828875581,17.999733075674126
2024-11-12 16:36:51.291018,1201,74,19.554799552274513,30.70926883642947,21.195584607885184,3.4942768613386805,10.84192884295802
2024-11-13 16:36:51.291018,803,50,15.683286582742886,17.144264645186034,14.773171286278385,1.099989458550948,10.446349017956766
2024-11-14 16:36:51.291018,1117,66,17.729831262859758,29.4661473019375,32.46269612324889,1.4085890063437183,18.085500922391887
2024-11-15 16:36:51.291018,728,51,20.36192202355637,34.4855489739722,26.34741928259703,7.83992200557254,20.36583008527125
2024-11-16 16:36:51.291018,1238,72,20.787314559878173,36.15202250544174,4.302497469974441,8.36755308394161,11.06859943189867
2024-11-17 16:36:51.291018,1065,52,19.73212921178257,24.482413395122883,28.33249818973858,2.359902998710844,5.676374302194526
2024-11-18 16:36:51.291018,880,43,17.961911953307883,30.551111660695984,26.258811750785046,3.1451687134656727,17.549619558498108
2024-11-19 16:36:51.291018,1164,52,20.0042342399519,31.708628740109777,28.63981480740472,1.6589130411536996,12.303326480133277
2024-11-20 16:36:51.291018,526,80,18.41724214018461,18.129005318362466,13.007104411362919,1.14427255045091,7.463521753461301
2024-11-21 16:36:51.291018,717,41,21.487068626453237,38.8863845350555,26.78735714283898,4.23367832946108,4.972538395435768
2024-11-22 16:36:51.291018,1337,34,19.625009886054894,20.471359165500495,36.17703782983055,1.8047636600025334,31.677160952255015
2024-11-23 16:36:51.291018,961,40,14.214361844881694,26.755874428041132,20.546445355403442,0.28538972164190696,14.272170225502826
2024-11-24 16:36:51.291018,1023,44,16.931819287973163,30.652186231857236,21.72454947735061,1.7693188127526318,13.275031251110189
2024-11-25 16:36:51.291018,1321,44,17.895179021716153,38.29837544246435,30.397093576417976,2.1547703326443948,12.786752877416589
2024-11-26 16:36:51.291018,1387,59,13.24493038282449,36.44899131571026,33.95515657226431,2.7071179270035675,5.641391869933138
2024-11-27 16:36:51.291018,1166,44,13.986997212107566,16.00609593927374,28.709520388332837,0.702691645431508,10.538647802554868
2024-11-28 16:36:51.291018,970,16,21.18945605126314,42.424343807200245,22.190547807511575,2.3693417116718978,22.531588747359404
2024-11-29 16:36:51.291018,1184,42,15.385655343855111,29.629639075380236,15.087995898679083,0.007121600603099597,13.016915306252535
2024-11-30 16:36:51.291018,886,52,18.917574673925007,30.69915772791974,23.427931898604122,0.3828041630965849,13.994586742290336
2024-12-01 16:36:51.291018,732,39,19.416358465716897,35.91807314923901,31.110879028502367,4.738557273893685,19.558712292222012
2024-12-02 16:36:51.291018,683,33,17.036940116832014,34.0559224516586,21.965862480130358,2.151328217462333,21.0647350284119
2024-12-03 16:36:51.291018,1316,43,16.14356217141227,24.70643769874936,28.435563502633965,0.6635228375358561,10.006897262569865
2024-12-04 16:36:51.291018,884,55,18.806293576308153,22.23702650378918,26.660771564985527,0.5889885550118448,18.990868039816117
2024-12-05 16:36:51.291018,1200,64,18.11825562968135,28.83683916782092,18.516135944041245,2.4870686778798876,25.91047805121893
2024-12-06 16:36:51.291018,1024,40,18.70047048758584,28.452992337175534,31.29906529015488,1.9402198290044577,19.35498728757014
2024-12-07 16:36:51.291018,1023,48,21.748045566259442,29.39338993797107,28.086943342347944,2.0488578305211766,16.748899020254587
2024-12-08 16:36:51.291018,1080,30,13.447012127993075,31.237293656278837,18.478041348620252,1.9348433396980051,11.316368366322296
2024-12-09 16:36:51.291018,631,42,10.976889253982645,38.80260262685459,32.269942590981486,2.5816246489391217,13.730015239433305
2024-12-10 16:36:51.291018,933,62,22.169730484212607,40.57811839864573,26.632583922359057,1.0147597301992215,21.797521424956006
2024-12-11 16:36:51.291018,1221,58,17.83493451539031,31.63170949798952,32.152767631179245,5.586357200185637,18.142693405754923
2024-12-12 16:36:51.291018,1137,33,13.014349929441114,29.504967304612535,31.900702857052043,8.27569979723337,13.677520089316253
2024-12-13 16:36:51.291018,1360,41,17.369704216534046,40.667347333202876,20.710959760321913,1.694605407422298,4.6588718796962425
2024-12-14 16:36:51.291018,1241,36,25.098437040330737,18.507452977329432,25.102594082403414,0.37532286190492203,23.987009140404616
2024-12-15 16:36:51.291018,1101,49,18.64269145289395,24.100144175653025,27.8804597335793,0.11985377371108415,12.611299704166196
2024-12-16 16:36:51.291018,1406,88,19.122659176697013,37.09143908475782,13.121385265801521,0.06078845801323737,15.767711195127886
2024-12-17 16:36:51.291018,1166,34,19.874867854964787,17.28084065925572,26.65382982062306,0.6541789013915149,12.477285538742043
2024-12-18 16:36:51.291018,1002,64,18.427018087387427,28.506469202392747,36.561696145550464,0.05836656939370515,0.9707413673784071
2024-12-19 16:36:51.291018,1279,48,16.162691564160575,39.68451461059637,27.41162754502823,1.5127947616676052,2.8921264301906913
2024-12-20 16:36:51.291018,942,56,16.515380462647293,18.91162312249832,32.749164480447554,0.6818550408184892,10.684232380903197
2024-12-21 16:36:51.291018,1018,49,22.040217148152898,24.684891316272722,23.86980692077756,0.044043835516109256,7.29721629635356
2024-12-22 16:36:51.291018,1087,58,16.945260666556788,35.762888815630234,22.45948596751766,1.9153430496719184,6.637409597316328
2024-12-23 16:36:51.291018,808,80,22.222220751594755,23.876616868232205,29.5735392716939,2.885491428726251,31.982094699996434
2024-12-24 16:36:51.291018,1050,48,15.070539176358915,24.291398451543046,12.357112947264739,1.1428554925066567,14.354555428932619
2024-12-25 16:36:51.291018,1077,65,20.038755009464023,28.785452031049658,18.135941691769357,1.3049031906632298,6.5783885718779675
2024-12-26 16:36:51.291018,1147,51,17.07311074926106,38.55424219401776,20.256609914353902,1.1062929170097189,27.49267058382128
2024-12-27 16:36:51.291018,1020,32,21.189129490731993,35.316100036579805,51.48842960814066,0.6918080008398652,18.929549582455394
2024-12-28 16:36:51.291018,456,52,16.168966376443034,38.34754861560815,30.448756259621437,0.8234509546143655,10.790687258693229
2024-12-29 16:36:51.291018,962,39,17.63042574002233,24.749505872746063,20.771918579572873,2.1217928677134688,15.255192419071648
2024-12-30 16:36:51.291018,751,25,19.00708987241903,14.96686467661213,25.768281655410764,1.0491318865977286,19.636466648649815
2024-12-31 16:36:51.291018,914,66,17.8696549425414,30.841626472907937,18.535449162677494,2.2433831549366756,18.545843481954584
2025-01-01 16:36:51.291018,1349,45,21.91012771597769,21.3096016956,24.793488843829405,1.2004031432860043,7.060207670566161
2025-01-02 16:36:51.291018,1332,44,23.129767323868876,37.47488433167011,20.36268782012638,2.4614636304961435,9.766414318525424
2025-01-03 16:36:51.291018,988,88,17.681668669940883,24.942421748353116,28.66478024152794,0.4437374995710489,9.919809222488102
2025-01-04 16:36:51.291018,1385,33,19.874386115588564,31.143686106538254,25.694982320311286,0.04924701153875022,21.109542427075585
2025-01-05 16:36:51.291018,904,71,18.62185437917356,7.8194704537575035,24.682983479428618,1.3946699545701016,8.66362586894492
2025-01-06 16:36:51.291018,1177,19,22.63849795396766,21.774120903174314,24.23241857524697,0.9279789661712546,8.853613354923429
2025-01-07 16:36:51.291018,950,34,19.23334420536634,29.04762926618019,29.881262551149554,3.2641608926290115,14.718291775089357
2025-01-08 16:36:51.291018,1307,52,18.338851924105146,30.027046604927726,23.552643325139694,7.216151139007078,8.384964011912986
2025-01-09 16:36:51.291018,1093,72,16.54439639664687,45.861977414386374,36.84699406495928,0.08720683249076772,1.6138041257462739
2025-01-10 16:36:51.291018,1045,36,16.968048621271414,24.19542158765882,31.02821861226796,0.7588470887292437,8.79546956505676
2025-01-11 16:36:51.291018,1071,44,20.057258756232887,30.895339111348065,30.002903133639048,0.6988146382635182,5.8416388545610936
2025-01-12 16:36:51.291018,798,59,20.67502965234009,41.169842420913035,23.79004933950049,0.6926174747909963,15.472491057014166
2025-01-13 16:36:51.291018,1211,32,18.694545134200478,29.89560037269938,30.644244404837806,4.207707757047302,12.12488527624405
2025-01-14 16:36:51.291018,1078,57,21.710405569951718,35.79945153184314,11.756631283413226,1.909401148654549,18.15617154485871
2025-01-15 16:36:51.291018,962,52,23.4012213554405,31.849708857145924,27.943237033742314,1.2753708490210323,16.98333619459794
2025-01-16 16:36:51.291018,863,17,19.512277035019178,40.55017754549379,16.57441884968888,2.137755111528842,18.30739179809097
2025-01-17 16:36:51.291018,985,45,14.861088848863774,37.55764205711475,16.634418409995053,1.8757984360832773,22.24377367511847
2025-01-18 16:36:51.291018,740,57,19.851826629998072,32.31687865456291,13.26611721974756,1.8133368530606055,19.566462367331102
2025-01-19 16:36:51.291018,883,53,16.372359653118554,36.03681853654534,17.936237255688507,2.345316711687324,4.1294115621739405
2025-01-20 16:36:51.291018,1203,56,18.8715176073002,23.926189708590442,24.7216858245378,4.477849862654593,3.7697140976947825
2025-01-21 16:36:51.291018,1135,45,18.050438903643755,37.716004395806216,22.153056136083297,0.5441594808311165,28.220958351709896
2025-01-22 16:36:51.291018,1131,33,20.873692029142592,32.83262061889889,22.929086645272616,3.4144552356937896,-3.0091782362273314
2025-01-23 16:36:51.291018,857,66,17.019403027447936,43.38022707623671,28.83367462783037,4.037840040752099,-0.9216798845858332
2025-01-24 16:36:51.291018,877,42,21.228445670139926,21.55895102748601,12.713238704191847,0.3659491019804442,30.498584708029533
2025-01-25 16:36:51.291018,980,49,18.547684474528314,37.336036336380914,29.028448652259293,0.09227579175290884,19.552220917998675
2025-01-26 16:36:51.291018,1011,63,16.70031918668775,23.07439413099555,21.302903669519203,3.1120667913380697,11.069731781379424
2025-01-27 16:36:51.291018,1290,66,20.74020786021223,40.604672840382094,22.199147471299636,2.6564772432655697,18.908302961392728
2025-01-28 16:36:51.291018,773,44,21.940599861421617,24.288052927168955,20.784122598406213,0.20122143267503798,17.542590841586737
2025-01-29 16:36:51.291018,1457,35,14.46499187140707,34.03509418664316,28.243534173972026,4.276846670150177,6.949649451855956
2025-01-30 16:36:51.291018,1160,42,19.855876517347305,36.66201953551683,25.866259695010086,9.407464416939268,9.144328325568065
2025-01-31 16:36:51.291018,988,54,22.866437571744083,56.03513408248681,19.824621716755317,0.22040449400791615,6.172233667059956
2025-02-01 16:36:51.291018,1075,50,19.436320419149734,39.9089611457123,21.9210393950541,1.1114647177957049,17.737616664695217
2025-02-02 16:36:51.291018,864,38,14.39580191285368,27.526560667345038,28.254986762354502,0.9912802459699913,23.347731132196262
2025-02-03 16:36:51.291018,1300,47,13.717462332289802,27.5172893852813,26.143824114718605,1.3007295569146873,18.17036073458273
2025-02-04 16:36:51.291018,1245,66,16.368480787193352,27.35341604166138,28.36697710958508,2.032915757402986,16.90329949898411
2025-02-05 16:36:51.291018,1144,30,16.525160953516547,37.75194223979153,22.621368247739206,4.81773198389646,10.2892405818478
2025-02-06 16:36:51.291018,1291,57,11.777037633889403,18.78832012159454,12.23489228953888,0.6666558095512126,18.572372360072922
2025-02-07 16:36:51.291018,938,38,20.10783280175564,27.394903550559583,14.31780672902408,1.6013945766892976,13.672337335267226
2025-02-08 16:36:51.291018,1078,46,21.39567750604283,41.820125183583684,29.705161770690367,0.05004804347071172,14.900261422703347
2025-02-09 16:36:51.291018,686,32,19.46862180226134,38.254353230298996,22.585133400737703,1.8768846890222435,5.927755762684473
2025-02-10 16:36:51.291018,1006,45,19.589203156464244,28.20758095047513,22.409595267368193,0.729240599243251,4.618333810648071
2025-02-11 16:36:51.291018,800,41,22.745017622657073,38.141331995596175,15.18697404242978,0.1587582279475319,13.557931970243867
2025-02-12 16:36:51.291018,1147,72,21.185194880855907,33.851673727597806,13.833008372945514,1.1526134518104345,26.89166752275623
2025-02-13 16:36:51.291018,1427,36,18.237471931876726,29.691693450283495,26.770897390602535,1.6851811427587196,12.792349246434874
2025-02-14 16:36:51.291018,783,44,18.460726275259308,38.637041792385816,21.37819689134003,0.07276568888563895,2.235597022630664
2025-02-15 16:36:51.291018,473,32,16.193925202863515,34.16809037912162,33.84668950637461,2.8954604250492673,0.9609491758677233
2025-02-16 16:36:51.291018,934,37,19.988867352084707,24.17673083749482,29.920281438304894,5.960000764468651,9.926525125410459
2025-02-17 16:36:51.291018,794,40,18.451926234562194,12.203349376542146,-1.5109888657695723,1.0463480339079503,5.464312017551528
2025-02-18 16:36:51.291018,1409,71,17.381037852664942,39.674076683980026,35.14590956135351,7.167660668591373,11.522534579309992
2025-02-19 16:36:51.291018,1363,19,21.358801972328905,29.311053439873376,32.281872139632426,2.4314047959103764,22.236121703187628
2025-02-20 16:36:51.291018,756,44,21.161429209454077,29.858825463879597,19.34214835439332,1.6644725568998722,13.55271453169203
2025-02-21 16:36:51.291018,1202,35,18.837395172699715,22.315810960734918,31.411078448549226,2.2095217654778656,22.013499373003633
2025-02-22 16:36:51.291018,786,39,17.8899270724464,25.90162204476117,20.11623023157369,0.697775848276955,-1.5374599450969981
2025-02-23 16:36:51.291018,779,42,22.037945627899784,35.31901314493221,26.282601854965048,1.5135826315919858,8.641268082963563
2025-02-24 16:36:51.291018,867,60,17.70552833342148,28.4372278175889,34.98351158773185,4.2320268669411805,10.27218300841101
2025-02-25 16:36:51.291018,840,51,18.545537282894568,31.760642971573077,41.26501613149918,5.910844704249337,10.431562913009301
2025-02-26 16:36:51.291018,1402,36,21.840804748019654,22.875906987021235,25.53335603812312,0.35334347574604236,11.662131760308633
2025-02-27 16:36:51.291018,1026,62,10.643590948549422,17.024364180627398,17.062270868165246,0.9622314293067169,2.689040212151699
2025-02-28 16:36:51.291018,979,33,14.520184080022831,28.954062122429615,26.607812530203613,0.41902905978653915,20.326972919787515
2025-03-01 16:36:51.291018,1157,54,18.278414045672864,9.961807438653196,28.97011918112028,2.1572952532119856,8.52230929848091
2025-03-02 16:36:51.291018,900,78,17.341897039190908,18.82666208955012,28.2951948566332,4.263623463004266,9.44354517017415
2025-03-03 16:36:51.291018,1183,45,20.770967611521765,38.87648854821509,18.784906549574522,0.4169882162088528,14.192799364216068
2025-03-04 16:36:51.291018,1118,40,21.480123039619876,27.082851961403644,23.26101629543843,1.3521515613350237,13.557052120052504
2025-03-05 16:36:51.291018,1191,39,19.35091751585246,22.639834155111444,28.97035590856811,2.0636323331377873,22.934996907819347
2025-03-06 16:36:51.291018,920,41,16.529261618760845,13.927901184455902,22.81052649308052,2.801977218096604,10.821396812409297
2025-03-07 16:36:51.291018,800,54,17.183764746719138,30.172903390885462,13.509492794559746,0.2345595122198818,9.871945868681035
2025-03-08 16:36:51.291018,1147,37,16.754732329126174,19.30132584815629,31.180309843533312,0.2767413706897669,21.686690152860045
2025-03-09 16:36:51.291018,997,21,12.88227333833529,34.5300005922476,12.862120998851726,1.6309761065200254,21.248633816393056
2025-03-10 16:36:51.291018,924,25,12.699247818805022,19.847886258881314,26.235446999536606,1.181455294994924,0.9351957454805486
2025-03-11 16:36:51.291018,1270,56,21.106637406215793,26.898394325144054,20.024826393205135,0.34209337299468434,3.2717035316356142
2025-03-12 16:36:51.291018,803,50,18.479797274660417,25.68401168082231,17.60440371214563,1.0309647499433476,16.382047678583444
2025-03-13 16:36:51.291018,630,51,21.579349787599742,26.456780107146304,30.76820661105791,1.6517693064604761,11.060421824507866
2025-03-14 16:36:51.291018,864,40,15.598861250617546,25.339134132366514,26.231190374161763,0.6875823199496444,9.741087419601481
2025-03-15 16:36:51.291018,1118,50,21.728071862458535,26.08338259378216,24.548446657772956,2.2080082796913505,24.979021009913627
2025-03-16 16:36:51.291018,944,66,16.768342031518362,29.88120309472677,18.875430846887728,0.03523935409777863,12.454403366306874
2025-03-17 16:36:51.291018,903,33,23.053251093686434,29.237819901524027,31.35813826262461,0.36118561478672917,19.585663512731987
2025-03-18 16:36:51.291018,815,41,18.76177145419123,18.885036764482578,18.784174239142576,1.7790197386648994,15.29194579127123
2025-03-19 16:36:51.291018,1321,58,15.20818965400554,24.877119216619278,33.62911539074925,0.19952107064967478,22.0736158530746
2025-03-20 16:36:51.291018,1085,59,16.588869828882544,22.117220666062074,24.85268036620859,0.1253333346428667,14.822510708451361
2025-03-21 16:36:51.291018,990,71,18.12070493260457,26.67632668049841,26.076211397807164,0.17649361507928638,7.441760355162541
2025-03-22 16:36:51.291018,984,53,18.031025521320057,24.15486387246855,30.974807570197225,3.5452867813722824,12.515673224137126
2025-03-23 16:36:51.291018,1135,74,19.26245479184645,28.771242881545955,19.435459506017736,0.5610095489710168,18.09447558691417
2025-03-24 16:36:51.291018,749,59,12.71519446525889,30.51111834493631,26.19158878133112,3.0167077970215157,13.404708989781758
2025-03-25 16:36:51.291018,816,58,18.83715556595968,24.466553743935627,26.136778518153545,0.21575717335842184,10.458871090591444
2025-03-26 16:36:51.291018,1018,55,18.193653578329886,33.64773707628362,31.898104697824174,2.0050846531404525,18.827829599964094
2025-03-27 16:36:51.291018,1286,37,15.181077105495548,29.300928098247475,19.851198210435754,0.6516567445908785,23.110481154407477
2025-03-28 16:36:51.291018,1051,45,15.705125444553095,46.959643674696366,26.495988343940667,1.1359840471775142,7.694740519116948
2025-03-29 16:36:51.291018,805,39,16.749513902248122,34.50715189162409,24.173738438339697,0.8547783592622888,13.458480752468187
2025-03-30 16:36:51.291018,1177,40,19.306623813531594,25.955826278655234,32.19606407000367,0.6987050243937536,10.872320377305758
2025-03-31 16:36:51.291018,1016,38,12.544366005139489,25.473486978905985,24.028714745918187,3.874438237887842,-4.3515544340781105
2025-04-01 16:36:51.291018,1268,40,15.264422388712301,27.391416586627432,21.158261370786914,1.91331204206082,20.62240712693322
2025-04-02 16:36:51.291018,584,56,15.678868368706693,20.97351241376942,31.34668611518387,4.896441382371914,24.8304338791503
2025-04-03 16:36:51.291018,1112,61,17.085452482521898,25.063344767251706,18.314469082460132,1.3124339112271417,15.14229561374468
2025-04-04 16:36:51.291018,1049,79,13.960401980651724,39.70299696785118,25.71785806113489,0.5987423475964947,32.83833750226832
2025-04-05 16:36:51.291018,855,53,16.842336688307945,31.29577361655402,23.293956296658354,0.8629515992322709,14.836341650510064
2025-04-06 16:36:51.291018,921,45,18.92579437798002,46.00305586405774,25.007055538520145,1.2599682008811706,9.837602922639068
2025-04-07 16:36:51.291018,1208,36,18.031758373251993,37.82977598191173,32.57578695068351,1.4515438338766935,17.407290693840267
2025-04-08 16:36:51.291018,979,55,18.379228650359927,34.1360603700973,7.95086462784079,6.586141295762421,18.022424024617237
2025-04-09 16:36:51.291018,911,77,21.67040253705203,36.182134559751134,30.956514329096862,5.063449351260924,17.19844371937197
2025-04-10 16:36:51.291018,859,49,18.062343224804344,25.83529970121738,24.560817978462268,6.1408833627607455,7.271680173524766
2025-04-11 16:36:51.291018,943,46,17.197076565027047,25.088244613682242,23.93263767830621,0.9293165321906179,13.541536122695915
2025-04-12 16:36:51.291018,1077,36,20.09728497163618,28.693572533369288,44.15945823921722,1.8015862624689079,8.59958172763649
2025-04-13 16:36:51.291018,1054,63,20.03101197581658,40.15260722099524,27.727402033656954,2.376359260605107,20.35354607792342
2025-04-14 16:36:51.291018,882,30,18.80812480622678,34.455415459367686,35.55819456115176,0.4075909192799195,12.860607313190375
2025-04-15 16:36:51.291018,1357,52,21.02109124292798,25.87623999464722,29.56729766549831,5.098535919084539,15.815651329908482
2025-04-16 16:36:51.291018,938,51,19.509024392293774,23.737373027859974,16.055733895119165,4.248236303464683,36.68186035276369
2025-04-17 16:36:51.291018,811,48,13.457734484698348,42.815255266593475,16.795416775968523,0.6694552148823576,13.088526460352316
2025-04-18 16:36:51.291018,963,43,19.819695502359366,18.517581265401653,14.279527616994876,1.1699580963189662,-1.2701379157713788
2025-04-19 16:36:51.291018,1217,64,17.607088415759083,29.974479299426008,21.50868735571828,0.7347340719961107,9.745722259391485
2025-04-20 16:36:51.291018,800,29,20.56316992990046,42.35498630369884,24.487154275184192,1.978802406442905,-0.5320254945547056
2025-04-21 16:36:51.291018,979,38,15.316353023929453,34.65396934531557,36.94119383751039,0.9062907727554669,13.248379376035148
2025-04-22 16:36:51.291018,1066,56,17.320261151563447,34.299969112951494,30.781092742832303,1.494939160642766,13.182471127926629
2025-04-23 16:36:51.291018,737,56,19.054257044172893,23.767611226645407,27.12499967743738,0.33589324088176026,14.944338033670792
2025-04-24 16:36:51.291018,785,37,18.248598178366716,26.201937684736713,28.486155795065333,0.15803027571559694,7.815757677360444
2025-04-25 16:36:51.291018,995,21,15.765347893946975,31.50143804914006,32.526873260161665,0.3279866388800176,2.0778513598178385
2025-04-26 16:36:51.291018,1073,69,16.274530612131056,36.000176324886965,10.390756817458604,2.345996534956707,2.350999758499423
2025-04-27 16:36:51.291018,719,55,15.902256042929825,33.79804016816021,21.056462757488635,1.8309958137659066,-16.079619023204916
2025-04-28 16:36:51.291018,1043,34,14.778065451617683,23.12602904828736,23.46783018710615,0.9351115187336394,7.272731882757301
2025-04-29 16:36:51.291018,794,50,17.738167609058987,35.347011767914985,15.84269024346937,0.29480032746632506,20.877733395843947
2025-04-30 16:36:51.291018,1001,67,11.872300771294341,30.97505677559905,24.172494174494574,1.8353296522186886,15.165465631182483
2025-05-01 16:36:51.291018,892,62,15.742999779703403,25.73707046099664,19.490632704556294,0.18170822763395475,2.4257944033044456
2025-05-02 16:36:51.291018,1212,66,18.890132038429154,31.74916312279975,23.37545420020373,0.5245509898721354,28.58767465116842
2025-05-03 16:36:51.291018,829,67,18.905230002070553,40.50777469358647,21.54765340573266,7.534214142348444,5.942329449141409
2025-05-04 16:36:51.291018,790,42,17.268583270323454,27.03931597699957,13.148920173098286,0.18318360117196317,14.760019909694243
2025-05-05 16:36:51.291018,720,58,20.869707691312158,45.38371035254476,17.451264585065434,0.6160290074281045,13.516724792208073
2025-05-06 16:36:51.291018,992,39,14.462170471963365,27.570135165404302,24.613881439025516,0.29989000188551007,0.5157668660340704
2025-05-07 16:36:51.291018,838,45,14.444497462426778,20.62548608959791,21.36830958293682,0.44265941890831995,14.614565674442774
2025-05-08 16:36:51.291018,966,86,21.088851726126826,30.10396365669204,34.56164286349467,0.13597811984937405,26.565592119663034
2025-05-09 16:36:51.291018,876,31,18.886209606467286,33.38957676016279,31.983242818368097,1.9903614954133575,-0.3201040509286326
2025-05-10 16:36:51.291018,911,30,17.646152186774007,38.71201712000721,23.22851933644253,0.6947207089600145,12.911699209047468
2025-05-11 16:36:51.291018,556,45,13.230217894257436,31.69615102436412,29.250715767955697,0.2605539609973167,21.570674561385417
2025-05-12 16:36:51.291018,996,62,19.16341292460662,26.37047771629024,27.230670164282476,0.12231898742064835,8.135988918411059
2025-05-13 16:36:51.291018,1054,63,16.009280393200278,35.733216831520394,26.35131072306356,6.584611429927424,12.511825226281122
2025-05-14 16:36:51.291018,1075,30,25.48418636330023,34.82818538418926,20.833877467813366,4.467094903677716,4.6004924170477075
2025-05-15 16:36:51.291018,853,52,20.072832928352856,43.63729856009427,13.02222091356867,0.38507621860935565,20.567772020963478
2025-05-16 16:36:51.291018,1077,59,21.633194009181835,28.04083264935919,20.319892017305285,0.9663506858966407,22.61738156310537
2025-05-17 16:36:51.291018,978,45,13.45498013812148,26.321061727935543,24.967692671766486,3.5640328886365564,0.8171014427317616
2025-05-18 16:36:51.291018,872,58,22.488333398113333,39.883947379851556,35.53641808518359,0.35619804644977504,14.056422541284338
2025-05-19 16:36:51.291018,778,45,16.485779349034676,42.686139188330614,23.26603477664573,1.0888960993386116,23.285383253305746
2025-05-20 16:36:51.291018,908,56,14.460565355710767,24.388683753630193,25.70457640062286,1.2553236993001002,14.904868919309674
2025-05-21 16:36:51.291018,964,46,16.275943836414196,24.211600821748785,33.688426108336124,4.1606758940842745,7.361965433349106
2025-05-22 16:36:51.291018,750,46,12.146728712828327,35.0112767114581,17.144391848103503,1.1529520947130618,22.187530715270736
2025-05-23 16:36:51.291018,665,49,14.710916690557758,32.04027206278397,13.624683173548227,6.0577128798454805,13.084430036162098
2025-05-24 16:36:51.291018,858,54,20.02731025408122,27.22187514949621,25.441956569995217,0.10389736224938112,7.2381025209300835
2025-05-25 16:36:51.291018,1249,43,20.68117631850212,20.834838662151427,33.09748689977154,1.558423230081491,14.928178444685237
2025-05-26 16:36:51.291018,952,71,18.55998952190318,47.4110538602338,30.019995922577294,0.4354435116921317,8.100170344913773
2025-05-27 16:36:51.291018,987,70,19.645915775497148,28.993415119263297,18.126304393716246,1.1961244109260516,16.93359679735249
2025-05-28 16:36:51.291018,845,50,15.006052831854095,36.07184385677361,44.085114867480605,13.032196754338765,4.22130747071593
2025-05-29 16:36:51.291018,1247,62,20.99795513530269,34.44907722219227,23.571167076786736,0.9448375120408382,21.505078654991028
2025-05-30 16:36:51.291018,1093,62,15.237686188961995,38.01749359741057,26.97025680116462,1.734636404468057,1.9692774482048456
2025-05-31 16:36:51.291018,879,54,13.412169656236879,37.541353273890316,25.08088374595648,1.6466514515386235,27.00243557443845
2025-06-01 16:36:51.291018,1084,41,23.170737694660232,28.941516325477885,21.8490937569899,1.2217637367898357,22.89500500423907
2025-06-02 16:36:51.291018,1206,40,19.406047509727692,31.69923661179791,10.705027709037845,2.872659933942253,13.088359038029694
2025-06-03 16:36:51.291018,1039,31,19.762134287405654,39.910919921603735,36.096512921188264,0.5738605085159455,28.981659755237832
2025-06-04 16:36:51.291018,739,49,19.18590513454001,35.507791498359694,33.95298850314061,0.3423562759252794,3.1782765421546006
2025-06-05 16:36:51.291018,993,78,15.017894570627444,41.07735071535522,32.04723021656298,2.846685303880332,20.04502789023165
2025-06-06 16:36:51.291018,1238,65,18.392590520728998,29.009796350815108,33.61955862511942,0.8063739361468909,6.561382574794459
2025-06-07 16:36:51.291018,1288,35,18.400214086921334,27.360045510212814,24.467262653507053,1.5064225081570426,14.259510091986215
2025-06-08 16:36:51.291018,1010,66,23.567813446883235,40.21063066942285,22.446071214601478,0.6935612778480363,13.915317577792461
2025-06-09 16:36:51.291018,949,47,19.436314935082237,15.355780582294093,33.712088666003844,5.071666548782677,19.083626033450372
2025-06-10 16:36:51.291018,992,40,22.63434548834292,12.816406177620173,25.481685323796178,1.1074605331939744,26.802822052882068
2025-06-11 16:36:51.291018,823,53,17.262352861814538,30.248015559577507,30.419033717835852,6.921084958152622,28.718495260912363
2025-06-12 16:36:51.291018,959,25,19.26145213885401,28.21743267968281,11.72150340474355,0.2355362949325344,5.677224598943305
2025-06-13 16:36:51.291018,1038,71,18.417631406365146,38.576981319709695,-2.071136140816238,2.3547581473470207,3.000410314707649
2025-06-14 16:36:51.291018,1003,36,20.41157128177969,34.59190390169029,32.417942318217484,2.3408803235844524,15.157932197883762
2025-06-15 16:36:51.291018,939,66,14.111796002913977,32.415966027835395,25.606074533828423,1.5432693850825032,31.542417371949256
2025-06-16 16:36:51.291018,937,47,20.038817604268772,26.727724674992693,23.756517648560077,0.39468134398047,15.39622713541569
2025-06-17 16:36:51.291018,1223,38,17.458459695430896,27.900065102503138,26.01136591387317,4.967908886440732,23.188558321504736
2025-06-18 16:36:51.291018,951,55,16.71968295089056,28.778647925603952,23.775214789797346,0.4777049084411457,21.535209162532972
2025-06-19 16:36:51.291018,1338,75,17.257554863296008,26.838451831834046,21.642037512701112,1.550571759933853,23.26981805744411
2025-06-20 16:36:51.291018,771,27,16.954305741139628,32.56585003196119,14.083849774113315,1.0860569923223355,22.789304395293033
2025-06-21 16:36:51.291018,941,44,22.7123981419773,22.52576619920007,33.713878569989355,0.8793842652786256,13.478753464446157
2025-06-22 16:36:51.291018,1105,62,16.317109298379183,30.824598785516955,22.665592790580252,3.1370224341491193,33.27946693747071
2025-06-23 16:36:51.291018,1039,56,18.761879544205293,26.004318946383286,23.775325113749712,2.28156988676203,19.399848107966587
2025-06-24 16:36:51.291018,1003,16,20.426711580017514,34.314626098543165,29.97589525324432,3.089016376410125,10.054691921027594
2025-06-25 16:36:51.291018,1080,70,21.19000295982709,26.123371439547096,17.082567402048028,3.8530649621503694,20.638341915330354
2025-06-26 16:36:51.291018,881,23,13.651547218598576,35.70391913168682,22.7582252027096,1.4314667950787967,11.543208540128328
2025-06-27 16:36:51.291018,1082,50,16.019964026007198,26.781785039311888,46.58386916501083,2.5359845065597777,14.374286329654575
2025-06-28 16:36:51.291018,1348,47,20.21332022624452,37.985772562948384,29.449186353781172,0.5017317615778438,16.465605061576195
2025-06-29 16:36:51.291018,1080,42,13.834190557965986,26.619213148252197,23.76309590338066,2.3387531292665695,3.4467594893107307
2025-06-30 16:36:51.291018,911,34,26.474043362780886,39.91511024561483,30.436011528380845,0.2936437871123208,17.924526345927674
2025-07-01 16:36:51.291018,882,55,16.395644965168117,37.44548708641458,40.962714519272446,8.436684490687274,17.397065276087027
2025-07-02 16:36:51.291018,772,80,20.658685901360403,28.62020707768177,21.890749949104155,1.791763709245399,12.267033095745152
2025-07-03 16:36:51.291018,1413,42,18.76650804191216,21.080442152456794,13.751236654187373,3.317683927888918,10.308575514604904
2025-07-04 16:36:51.291018,930,56,21.24640088486946,30.897464780932157,8.448433570168298,0.4840537517476267,23.274694610011757
2025-07-05 16:36:51.291018,1047,56,17.970722075887885,34.860724163933156,22.5866738642398,9.676420431944237,26.34602903144325
2025-07-06 16:36:51.291018,868,69,16.108250045082183,39.56810569636145,25.613350128997258,1.1412685576713806,21.83709635016545
2025-07-07 16:36:51.291018,780,24,14.43051258498407,28.958944712964865,34.66978840859072,0.6785399804940444,6.97383009708493
2025-07-08 16:36:51.291018,808,54,18.778293474999703,35.3890666438975,35.21733200677313,0.8935137131456001,17.912232488077127
2025-07-09 16:36:51.291018,773,42,9.184219732475226,28.36281024499855,10.543475882591995,2.407308156724736,20.816717536731247
